Price,Close,High,Low,Open,Volume
Ticker,005930.KS,005930.KS,005930.KS,005930.KS,005930.KS
Date,,,,,
2024-01-02,76984.2109375,77177.63860317212,75630.21727779522,75630.21727779522,17142847
2024-01-03,74469.65625,76210.50535714286,74469.65625,75920.36383928571,21753644
2024-01-04,74082.796875,74759.79371328329,73599.22770479765,73599.22770479765,15324439
2024-01-05,74082.796875,74566.36604520235,73889.36920691906,74179.51070904046,11304316
2024-01-08,73986.09375,74953.23223039215,73889.37990196078,74469.66299019608,11088724
2024-01-09,72245.25,75146.6656626506,71858.39457831325,74856.52409638555,26019249
2024-01-10,71181.390625,72728.8121603261,70794.53524116849,72535.38446841032,20259529
2024-01-11,70794.5234375,71181.3787568306,70310.95428833675,70504.38194800205,57691266
2024-01-12,70697.8125,71664.9508378933,70407.670998632,70601.09866621067,13038939
2024-01-15,71471.53125,71568.2450947226,70794.53433694181,70794.53433694181,2957915
2024-01-16,70214.2421875,71278.09434185606,70117.52835528582,71084.66667742768,14760415
2024-01-17,68666.8203125,70891.2384352993,68666.8203125,70697.81077244719,22683660
2024-01-18,69343.828125,69633.96966527197,68376.68965742677,69247.11427824268,17853397
2024-01-19,72245.25,72245.25,70601.11445783133,71084.68373493975,23363427
2024-01-22,72632.09375,73502.51830892144,72535.37991011984,73405.80446904128,19673375
2024-01-23,72728.8125,73309.09557845745,71858.38788231382,73212.38173204787,14786224
2024-01-24,71568.234375,72728.80033783783,71084.66522381757,72728.80033783783,12860661
2024-01-25,71664.953125,72341.94998313091,71278.09777749663,71761.66696187585,11737747
2024-01-26,70987.953125,72051.80528354904,70891.23929240463,71278.0946227861,11160062
2024-01-29,71955.09375,72728.80443548388,71084.66922883065,71374.8107358871,13976521
2024-01-30,71858.3828125,72825.52120836137,71278.09977498317,72535.37968960297,12244418
2024-01-31,70310.96875,71568.24879642366,70117.54105055021,70987.96569807427,15703560
2024-02-01,71181.390625,71761.67370074728,70504.39370329485,70601.10754925272,19881033
2024-02-02,72728.8125,72728.8125,71278.10480385637,71568.2463430851,14955881
2024-02-05,71858.3828125,72341.95201043069,71084.6720958109,71761.66897291386,19026021
2024-02-06,71955.09375,72245.23525705645,70891.24155745968,71858.37991431452,14559254
2024-02-07,72535.375,73018.94416666667,71858.37816666666,72148.51966666666,16566445
2024-02-08,71664.953125,72728.80533063428,71181.38394062078,72535.37765688259,20810708
2024-02-13,72728.8125,72728.8125,71955.1017287234,72341.9571143617,21966745
2024-02-14,71568.234375,71858.37586570946,71278.09288429054,71278.09288429054,12434945
2024-02-15,70794.5234375,71955.08939549181,70601.09577783471,71761.6617358265,14120600
2024-02-16,70407.6796875,70987.96276184752,70117.53815032623,70891.24891612293,13444781
2024-02-19,71374.8125,71471.52633807587,70407.67411924119,70407.67411924119,12726404
2024-02-20,70891.2421875,71278.09753368008,70407.6730047749,71278.09753368008,14681477
2024-02-21,70601.1015625,71278.09842679795,70504.38772474315,70987.9569135274,11503495
2024-02-22,70697.8125,71471.52317031464,70310.95716484268,71374.8093365253,15208934
2024-02-23,70504.390625,71761.67056755829,70504.390625,71181.38751714678,16225166
2024-02-26,70407.6796875,70794.53507039836,69827.39661315246,69924.11045887705,14669352
2024-02-27,70504.390625,70987.95983367627,70310.96294152949,70697.81830847051,13201981
2024-02-28,70794.5234375,71471.52024632855,70407.6681181694,70504.38194800205,11795859
2024-02-29,70987.953125,70987.953125,69633.95946866485,70214.24246423706,21176403
2024-03-04,72438.671875,72535.38572263018,71568.24724632844,71858.38878921897,23210474
2024-03-05,71278.1015625,72341.95382462686,71278.1015625,72148.5261406038,19505125
2024-03-06,70504.390625,71084.67367541153,70310.96294152949,70794.53215020576,21547905
2024-03-07,69827.3828125,70891.23490521121,69827.3828125,70697.80725199099,14516963
2024-03-08,70891.2421875,70987.95602404502,70214.24533168486,70407.6730047749,19271349
2024-03-11,70020.8125,70697.80930593923,69924.09867058012,70504.38164709945,9740504
2024-03-12,70891.2421875,71084.66986059003,69730.67614895976,70214.24533168486,13011654
2024-03-13,71664.953125,71664.953125,71084.67010374494,71278.09777749663,15243134
2024-03-14,71858.3828125,72051.81049167228,71181.38593539705,71955.09665208614,22545539
2024-03-15,69924.109375,71278.1031941563,69924.109375,70987.96166147995,22580555
2024-03-18,70407.6796875,70601.10737894918,70117.53815032623,70214.25199605082,11520348
2024-03-19,70407.6796875,70601.10737894918,69343.82738452953,69924.11045887705,15376066
2024-03-20,74372.9453125,74663.0868416775,70987.96080542913,71278.10233460664,50106297
2024-03-21,76694.078125,76694.078125,75146.65662436948,76597.3642812106,44569799
2024-03-22,76307.21875,77274.35713719898,75243.36652408111,76984.21562103929,26724761
2024-03-25,75630.2265625,77177.64807784527,75243.37118366368,76984.22038842711,18703996
2024-03-26,77274.359375,77467.7870580413,76597.36248435544,77080.9316919587,30551494
2024-03-27,77177.640625,77371.06829573934,76597.35761278195,76597.35761278195,17424595
2024-03-28,78499.8984375,78694.20511680075,76945.44500309406,77139.7516823948,25084812
2024-03-29,80054.3515625,80151.50490177487,78597.05147337682,78888.51149120145,27126366
2024-04-01,79665.7421875,80928.73566120426,79665.7421875,80831.58231707317,20116513
2024-04-02,82580.34375,82580.34375,80540.12349264706,80540.12349264706,37077944
2024-04-03,81705.953125,82580.33312277052,81123.03312648633,81900.25979117122,30493347
2024-04-04,82871.796875,83066.10354997069,81900.26350014654,82774.64353751465,25248934
2024-04-05,82094.5703125,82580.33700073964,81414.4969489645,82094.5703125,18883752
2024-04-08,82094.5703125,83551.87037721893,82094.5703125,82774.6436760355,18953232
2024-04-09,81220.1953125,82483.18878027811,80734.4285941238,82094.57540557715,23725956
2024-04-11,81705.953125,82288.87312351368,80151.49979563021,80831.5731272295,25538009
2024-04-12,81317.34375,82483.18380376343,80831.5770609319,82288.8771281362,17061770
2024-04-15,79860.0546875,80831.58819951338,78888.52117548662,80540.12814590937,26663772
2024-04-16,77722.6796875,78985.67323242188,77139.75958984374,78888.5198828125,31949845
2024-04-17,76653.984375,78499.89781368822,76653.984375,78402.7444748099,22611631
2024-04-18,77334.0546875,77819.82136267274,76071.06133205089,76556.82800722362,21370190
2024-04-19,75390.9921875,76459.6789324259,74127.99876167848,76071.06557063466,31317563
2024-04-22,73933.6875,75293.83418199737,72962.15415571617,75196.68084756899,30469477
2024-04-23,73350.78125,74613.77483443708,73350.78125,74225.16142384105,18717699
2024-04-24,76362.5234375,76556.83011291349,75002.3767096056,75293.83672272583,22166150
2024-04-25,74128.0078125,75293.84804021953,74128.0078125,75099.54133559961,15549134
2024-04-26,74516.6171875,75682.45735210236,74322.31049339961,75585.30400505215,12755629
2024-04-29,74516.6171875,75390.99731095176,74030.85045224903,75196.69061685137,14664474
2024-04-30,75293.84375,76265.37721774193,74419.46362903225,74808.07701612903,19007007
2024-05-02,75779.6015625,76362.52157451923,75099.52821514422,75390.98822115385,18900640
2024-05-03,75390.9921875,76751.13895376933,75293.83884705219,76751.13895376933,13151889
2024-05-07,78985.6640625,78985.6640625,77139.75063422509,77334.0573108856,26238868
2024-05-08,78985.6640625,79082.81740083026,78208.43735585792,78499.8973708487,13089576
2024-05-09,77431.21875,79179.97902289838,77431.21875,78791.36562892096,18759935
2024-05-10,76945.4453125,78791.35877327967,76653.98529237689,78111.28539299242,16976124
2024-05-13,76168.2265625,77625.52681560906,75390.99976084183,77139.7600645727,18652344
2024-05-14,76071.0703125,76556.83704501916,75682.45692648468,76362.5303520115,11763992
2024-05-16,75973.9140625,78014.13426110933,75876.76071970908,77916.98091831841,20989778
2024-05-17,75196.6875,76556.83430232557,75002.38081395348,76362.52761627907,15918201
2024-05-20,76653.984375,76848.29105275666,75682.45098621673,75876.75766397339,19456783
2024-05-21,76168.2265625,76751.14666374362,75973.91986208546,76265.37991270727,13690583
2024-05-22,75488.1484375,76459.68187942407,75099.53506073037,75876.76181426963,19521506
2024-05-23,76071.0703125,76848.29708453066,74905.23015445402,75488.150233477,18728087
2024-05-24,73739.390625,74808.07744565218,73545.08393033597,74613.77075098814,27891278
2024-05-27,75002.3828125,75973.91626862047,71893.47575291451,73156.46924587112,43825202
2024-05-28,75390.9921875,75779.60554929124,74030.84542123067,74322.3054425741,18539072
2024-05-29,73059.3125,75973.91273271276,73059.3125,75488.14602726063,30244875
2024-05-30,71407.703125,73059.30986394559,71407.703125,72670.69651360545,28551273
2024-05-31,71407.703125,72573.54317602041,71407.703125,72379.23650085034,26198776
2024-06-03,73545.0859375,74225.15938738441,72087.78568774769,72282.09238771466,15706268
2024-06-04,73156.46875,73933.69550962816,72767.85537018592,72767.85537018592,14098053
2024-06-05,75196.6875,75779.60755813953,74613.76744186046,75779.60755813953,23177968
2024-06-07,75099.5390625,76362.53260430142,74905.23236376132,76168.22590556275,21189349
2024-06-10,73545.0859375,74419.46608735138,73447.93258751651,73933.69933743395,14598755
2024-06-11,73059.3125,73836.5392287234,72962.15915890958,73739.38588763298,16971175
2024-06-12,74322.3125,74905.23259803922,73059.31895424837,73156.47230392158,19246725
2024-06-13,76362.5234375,76751.13678832697,75585.29673584606,76168.21676208652,33763804
2024-06-14,77334.0546875,78208.43470281093,76751.1346772927,77431.20802253454,22926612
2024-06-17,75876.765625,77236.91251200384,75779.6122759283,76945.45246478873,16123051
2024-06-18,77528.3671875,77916.9805568609,76362.5270794173,76459.68042175753,18207598
2024-06-19,78888.515625,80151.50910175493,78208.44221443965,78791.36228063423,24168863
2024-06-20,79277.1328125,79860.05290670956,78888.5194163603,79179.97946346508,20288913
2024-06-21,77722.6796875,78499.906484375,77722.6796875,78402.75313476562,17907523
2024-06-24,78305.59375,78597.05377636477,77236.90698666254,77431.21367090571,15454227
2024-06-25,78499.8984375,79471.43183400371,77819.8250599474,78305.59175819925,19088458
2024-06-26,78985.6640625,79082.81740083026,77625.51732587638,77819.8240025369,17783242
2024-06-27,79630.7265625,79630.7265625,78557.2731407016,79337.96653837316,11739720
2024-06-28,79533.125,79923.47162576686,78850.01840490797,79923.47162576686,9455929
2024-07-01,79825.8828125,80118.64277391504,79337.94954347494,79533.12285108496,11317202
2024-07-02,79825.8828125,80606.5760429401,79533.12285108496,80508.98938913508,14471904
2024-07-03,79825.8828125,80313.81608152506,79045.1895820599,80313.81608152506,11440328
2024-07-04,82558.3203125,82655.90697953606,80411.41363770685,80899.34697288711,43857229
2024-07-05,84997.984375,84997.984375,83143.83775832376,83534.18441446613,45791193
2024-07-08,85290.75,86461.7900457666,84802.81664759725,85778.68335240275,24035809
2024-07-09,85681.09375,86071.44041856492,84802.81374572893,85681.09375,21336201
2024-07-10,85681.09375,85876.26708428246,84997.98708001139,85485.92041571754,17813847
2024-07-11,85485.9140625,86656.95398116439,84607.63412350172,86364.1940014983,24677608
2024-07-12,82363.140625,84022.113836641,82070.38064647513,83826.9405176244,26344386
2024-07-15,84607.640625,85193.16062932527,82070.38727292388,82655.90727724913,25193080
2024-07-16,85583.5,85876.25997719498,84607.63340935005,84802.80672748004,16166688
2024-07-17,84607.640625,85876.26730103807,84314.88062283737,84997.98729455018,18186490
2024-07-18,84802.8046875,84802.8046875,81777.61832925776,81777.61832925776,24721790
2024-07-19,82363.140625,84022.113836641,82070.38064647513,83534.18053909953,18569122
2024-07-22,80996.9296875,82851.07627070782,80606.58303840361,82363.14295933735,18987560
2024-07-23,81875.2109375,82655.90424798868,81387.27761844458,82167.97092893325,15766389
2024-07-24,80021.0625,81289.68910060976,79923.47583841463,80899.34245426829,16939083
2024-07-25,78459.6796875,79045.19968516791,78166.91968866605,78459.6796875,20323811
2024-07-26,78947.6015625,79337.94817096724,78459.66830191595,78752.42825826637,14508334
2024-07-29,79240.3671875,80021.06046028325,79142.78052840209,79630.71382389162,12797136
2024-07-30,79045.1953125,79045.1953125,78069.32870370371,78459.67534722222,13169636
2024-07-31,81875.2109375,81875.2109375,78947.61102316747,79240.37101460072,20744323
2024-08-01,81094.5078125,84022.10737251805,81094.5078125,83924.52072051745,20900338
2024-08-02,77678.9765625,79435.53633401381,77581.38990852701,79045.18971812185,25800275
2024-08-05,69676.875,75044.14128151261,68505.83508403362,74848.96796218488,54608790
2024-08-06,70750.328125,73482.75459051724,70555.15480603448,73092.4079525862,47295226
2024-08-07,72897.2421875,74165.86889223561,71043.0954651941,71238.2688043842,32710428
2024-08-08,71628.609375,72116.5426813692,70750.32942353543,71433.4360524523,28414729
2024-08-09,72897.2421875,73970.69555304552,72409.30883952476,73873.10888345046,16388222
2024-08-12,73677.9375,74068.28418874173,72994.830794702,73385.17748344371,9839259
2024-08-13,74263.4453125,74751.37859313404,73677.92537573916,74653.79193700723,10716261
2024-08-14,75336.8984375,75922.41837354275,75141.72512548575,75532.07174951425,13246168
2024-08-16,78264.5,78264.5,76800.70012468827,77483.80673316708,22061478
2024-08-19,76410.3515625,78166.91136853448,76117.59159482758,78166.91136853448,14146565
2024-08-20,76995.8828125,77874.16284458175,76800.70947203739,77581.40283388783,10683836
2024-08-21,76410.3515625,76703.1115301724,75922.41828304598,76020.00493893678,7805598
2024-08-22,76410.3515625,76995.87149784483,75922.41828304598,76800.69818606322,8149101
2024-08-23,75824.8359375,76507.94256756757,75629.66261462355,75824.8359375,9420306
2024-08-26,74263.4453125,76312.76509116295,74165.8586563732,76215.17843503614,15655938
2024-08-27,73970.6875,74653.79411279682,73775.51418205805,73873.10084102902,11130145
2024-08-28,74556.203125,74556.203125,73580.33659195027,73970.68320517016,9794514
2024-08-29,72214.125,72897.23158783784,71726.19172297297,71823.77837837838,16884479
2024-08-30,72506.8984375,73190.00515225437,72311.72509042732,72604.48511103634,16358520
2024-09-02,72604.4765625,72897.2365486391,71726.19660408265,72702.06322454636,12641376
2024-09-03,70750.328125,72506.88799568966,70750.328125,72311.71467672414,16314599
2024-09-04,68310.671875,69384.12529017858,68115.49852678571,68115.49852678571,27366563
2024-09-05,67334.796875,69481.70344202899,67334.796875,68408.2501585145,25686769
2024-09-06,67237.21875,68017.91214622642,66358.93867924529,67432.3920990566,19022299
2024-09-09,65870.9921875,66554.09877314814,64992.71229166666,65285.47225694444,23263298
2024-09-10,64602.3671875,65675.82041871223,64407.19387273413,65383.06044656344,30651376
2024-09-11,63333.74609375,63919.26608845339,62650.63943326272,63528.9194253178,35809707
2024-09-12,64699.9609375,64992.72094174208,63626.50758861237,64407.20093325792,35884106
2024-09-13,62845.81640625,63919.26979207104,62748.22973481172,63431.33643487966,25045135
2024-09-19,61577.18359375,62845.81019710776,60698.903637579235,62455.46354992076,49402713
2024-09-20,61479.59765625,63138.570926339286,61479.59765625,62260.290959821425,32746056
2024-09-23,61089.25,61967.52995207668,60698.90335463259,60796.490015974436,28542376
2024-09-24,61674.7734375,61869.94677116298,60894.0801028481,61284.426770174054,26957500
2024-09-25,60698.90625,62650.63956993569,60698.90625,62260.29290594855,28652438
2024-09-26,63138.5703125,63333.74363649537,62162.70369252319,62357.87701651855,37566015
2024-09-27,63002.1640625,64179.7746057243,63002.1640625,63492.83512217679,28433030
2024-09-30,60352.5390625,63100.29693851626,60352.5390625,63002.162728658535,32694163
2024-10-02,60156.2734375,60745.078724000814,58782.39443566476,59371.199722165584,28473536
2024-10-04,59469.33203125,60548.80835524958,59371.19781997731,59861.868876340755,24247578
2024-10-07,59861.8671875,60745.075064036886,58389.85405993852,59076.79351946722,35066533
2024-10-08,59174.9296875,59861.869169776124,58782.39284048508,58880.52705223881,27411786
2024-10-10,57801.05078125,59076.79553533532,57801.05078125,58978.6613234826,45262214
2024-10-11,58193.58984375,58978.66356845489,57899.187196985666,57997.32141257377,29623969
2024-10-14,58193.58984375,60058.13993992411,58291.72405933811,58389.85827492622,20886249
2024-10-15,59861.8671875,60254.4040215164,58978.659310963114,59960.0013960041,22715239
2024-10-16,58389.85546875,58880.52652310924,58095.45283613445,58291.72125787815,23303268
2024-10-17,58586.125,58978.66185092127,57997.31972361809,58291.72236180904,23372873
2024-10-18,58095.453125,58978.66102723817,57997.3189136402,58782.39260451858,14420260
2024-10-21,57899.1875,58487.99279661017,57408.51641949153,57899.1875,18514905
2024-10-22,56623.44140625,57801.0519727578,56623.44140625,57702.91775888215,27582527
2024-10-23,57997.31640625,58880.524270304566,56034.63226390651,56427.16909237521,27300780
2024-10-24,55543.96484375,57408.514900342314,55543.96484375,57114.112259827736,31499922
2024-10-25,54857.0234375,55838.36553834973,54758.88922741503,54955.15764758497,25829315
2024-10-28,57015.9765625,57408.513406303784,54660.75549967728,54660.75549967728,27775009
2024-10-29,58487.98828125,58487.98828125,56230.90148516149,56917.84094484061,28369314
2024-10-30,57997.31640625,58684.25585607022,57506.645370664126,57997.31640625,19838511
2024-10-31,58095.453125,60058.13735219595,57212.24522276183,57408.51364548142,35809196
2024-11-01,57212.2421875,58487.98686749571,57015.973775192964,57899.18163057461,19083180
2024-11-04,57604.78125,58291.7207197615,57310.378620102216,57506.64704003408,15586947
2024-11-05,56525.3046875,57015.97573513455,56132.76784939236,56721.57310655382,17484474
2024-11-06,56230.90234375,56917.84181391797,55249.56024351003,56525.304973821985,22092218
2024-11-07,56230.90234375,57015.97602394197,55740.231293630015,55838.36550365401,17043102
2024-11-08,55936.5,57212.244736842105,55936.5,56917.84210526316,13877396
2024-11-11,53973.8203125,55740.23625,53973.8203125,55642.102031250004,29811326
2024-11-12,52011.1328125,53581.28021816038,52011.1328125,53581.28021816038,37962881
2024-11-13,49655.91015625,52011.13119132905,49557.77594645504,51029.78909337945,52527995
2024-11-14,48968.97265625,50833.52271730962,48968.97265625,49263.37529746994,48510715
2024-11-15,52501.8046875,53188.744188084114,49361.50982768692,49361.50982768692,46774485
2024-11-18,55642.09765625,56427.1713445216,54857.02396797839,55936.50028935185,48095234
2024-11-19,55249.5625,56427.17306838366,54857.02564387211,55445.830928063944,31539632
2024-11-20,54268.21875,55445.82928345389,53777.54769439421,55053.292438969256,20864667
2024-11-21,55347.69140625,55838.36242935505,53679.40992769282,53875.67833693484,19096850
2024-11-22,54955.15625,55642.095703125,54857.02204241072,54955.15625,15281543
2024-11-25,56819.70703125,56819.70703125,55642.09652283031,56329.035986075134,36237325
2024-11-26,57212.2421875,57801.04742442109,56427.168538271864,56819.70536288593,23209405
2024-11-27,55249.5625,56721.57571047957,54955.15985790409,56623.4414964476,21808387
2024-11-28,54464.48828125,55347.696199324324,54170.08564189189,54955.15934684685,20001134
2024-11-29,53188.74609375,54268.22249048662,52796.20922220941,54071.95405471633,24513531
2024-12-02,52599.94140625,53385.01515858209,52109.27031104244,53286.88093954058,22044867
2024-12-03,52599.94140625,53385.01515858209,52109.27031104244,52109.27031104244,23374603
2024-12-04,52109.26953125,52403.67218396893,51029.793137947265,51029.793137947265,29004766
2024-12-05,52698.0703125,53385.00977653631,52207.39926675978,52207.39926675978,23588277
2024-12-06,53090.609375,53385.01201478743,51716.73038932533,52894.34094847505,22861874
2024-12-09,52403.671875,53581.28247893258,52207.403441011236,52501.80609199438,26227680
2024-12-10,52992.4765625,53483.1476417824,52698.07391493055,53483.1476417824,20783970
2024-12-11,52992.4765625,53188.74499421296,52403.67126736111,52599.93969907407,14565947
2024-12-12,54857.0234375,55445.828698009835,52894.33923580054,52992.47344588551,33476698
2024-12-13,55053.29296875,55249.56139288101,54464.48769635695,54758.89033255348,15908823
2024-12-16,54562.6171875,55543.959223246406,54170.08037320144,55249.55661252248,15277277
2024-12-17,53188.74609375,54170.088272601475,52992.4776579797,53679.41718317574,20215230
2024-12-18,53875.68359375,54366.35466473133,52992.475665983606,53090.60988017987,13698937
2024-12-19,52109.26953125,52796.20905426083,52109.26953125,52501.8064015419,22481925
2024-12-20,52011.1328125,52109.26702535377,50931.65647110849,51716.73017393868,24674774
2024-12-23,52501.8046875,52992.4757593458,52305.536258761684,52403.67047313084,13672650
2024-12-24,53385.01171875,53483.14593146829,52599.938017003675,52698.07222972196,11634677
2024-12-26,52599.94140625,53581.28359666511,52501.80718720849,53483.1493776236,10517075
2024-12-27,53057.3984375,53452.611833682495,52563.381692271876,52859.79173940875,10747196
2024-12-30,52563.37890625,53353.80565671993,52464.57556244126,52662.182250058744,12624702
2025-01-02,52760.98828125,52958.59497893258,51674.15144399579,52069.364839360955,16630538
2025-01-03,53749.0234375,54440.64690085018,52168.169806985294,52168.169806985294,19318046
2025-01-06,55231.07421875,55527.48427716905,53650.22057384839,53749.02392665474,19034284
2025-01-07,54737.0546875,56614.31829591607,54737.0546875,56120.30155685921,17030235
2025-01-08,56614.3203125,56811.927015161426,54045.433177901396,54144.23652923211,26593553
2025-01-09,55428.67578125,57009.52927946747,55428.67578125,56910.72593582888,24490592
2025-01-10,54638.25,55823.890144665456,54539.44665461121,55428.67676311031,16059223
2025-01-13,53452.61328125,54341.84344674215,53452.61328125,53946.63003985675,16868600
2025-01-14,53255.00390625,53946.6273336039,53057.397212720316,53551.413946544526,17465926
2025-01-15,53057.3984375,54045.43192795624,52859.79173940875,53452.611833682495,18625025
2025-01-16,53650.21875,54341.842196132595,53452.612051104974,53551.41540055248,18627298
2025-01-17,53057.3984375,53452.611833682495,52563.381692271876,53156.20178654562,18805344
2025-01-20,52760.98828125,53255.00502545646,52662.18493240871,52958.59497893258,11822531
2025-01-21,52859.7890625,53650.21581483645,52662.18237441589,53057.39575058411,13535702
2025-01-22,53650.21875,53749.02209944752,52464.57855662984,52760.98860497237,18341991
2025-01-23,53057.3984375,53452.611833682495,52859.79173940875,53057.3984375,15588067
2025-01-24,53057.3984375,53156.20178654562,52563.381692271876,52958.59508845438,11867631
2025-01-31,51772.953125,52365.77319895038,51081.329705391225,51575.346433683204,42186279
2025-02-03,50389.70703125,50784.92041973039,50192.100337009804,50488.5103783701,32344897
2025-02-04,52069.3671875,52958.597367172675,50883.72694793643,50982.5303012334,27214851
2025-02-05,52266.97265625,53156.20281486295,52168.169305293006,52958.59611294896,15974885
2025-02-06,53353.80859375,53353.80859375,52563.38179976852,52760.98849826389,16466025
2025-02-07,53057.3984375,53551.41518272812,52958.59508845438,53255.005135591244,14476866
2025-02-10,54934.6640625,55231.07412039118,52266.97354147932,52365.77689410971,27577591
2025-02-11,55033.46484375,55626.284931833485,54341.8414076526,54835.858147722174,24596196
2025-02-12,55132.26953125,55231.072881664426,53847.825975862455,54440.64607834902,26428596
2025-02-13,55132.26953125,55725.08963373656,54934.66283042115,55428.679582493285,22448377
2025-02-14,55329.875,56614.31852678571,55329.875,55329.875,23979779
2025-02-17,55329.875,55823.89174107143,55033.46495535714,55428.678348214286,11916027
2025-02-18,56219.10546875,56515.51551515817,55231.07198072276,55527.48202713093,22131007
2025-02-19,57997.56640625,58195.17310610094,56614.31950729344,56713.122857218914,25395151
2025-02-20,57701.15625,58392.77969820205,57404.74620077055,58392.77969820205,21589059
2025-02-21,57503.546875,57799.956910438144,56416.710078393466,57701.153565292094,22198428
2025-02-24,56614.3203125,57009.53371782286,56515.51696116928,56614.3203125,14138471
2025-02-25,56515.515625,57108.335718968534,55823.89218203672,55922.695531031466,14625181
2025-02-26,55922.6953125,56416.71205554329,55428.678569456715,56317.908706934635,18117091
2025-02-27,55626.28515625,56416.71194355018,55527.48180783748,55823.891853075045,14975356
2025-02-28,53847.828125,55033.46837729358,53847.828125,54737.05831422019,28036698
2025-03-04,53847.828125,54341.84489678899,53156.20464449542,53255.00799885321,18553933
2025-03-05,53353.80859375,54737.0554832176,53353.80859375,54440.64543547454,16578817
2025-03-06,53650.21875,53847.825448895026,53353.80870165746,53452.612051104974,12258101
2025-03-07,53057.3984375,53551.41518272812,52760.98839036313,52859.79173940875,14274992
2025-03-10,53057.3984375,54144.23527700186,52859.79173940875,52859.79173940875,12921670
2025-03-11,52958.59375,53452.61048274254,51871.75693796642,51871.75693796642,17740891
2025-03-12,54243.03515625,54638.24852715164,52958.59170081967,53156.198386270495,17973221
2025-03-13,54045.4296875,55231.06982689671,53551.412962751376,55132.26648194699,24132151
2025-03-14,54045.4296875,54440.64306729891,53749.01965265082,53847.82299760055,10845154
2025-03-17,56910.7265625,57108.333251953125,54737.052978515625,54835.85632324219,35559021
2025-03-18,56910.7265625,58293.973388671875,56614.31652832031,58096.36669921875,28138594
2025-03-19,57799.9609375,58491.5844017094,56713.12406517094,56713.12406517094,29421759
2025-03-20,59479.6171875,59578.4205383098,57799.96022373339,58491.58367940199,34989004
2025-03-21,60961.66796875,60961.66796875,59677.22439728525,60171.24115554092,40155612
2025-03-24,59776.02734375,60862.864204545454,59776.02734375,60467.650800619835,14088094
2025-03-25,59084.40234375,60368.84587296196,58787.992298547244,60171.23917616012,17259455
2025-03-26,60665.25390625,60665.25390625,58985.59703913885,59084.40038426303,16431645
2025-03-27,61060.46875,61258.07544498382,60072.435275080905,60171.23862257282,20389790
2025-03-28,59833.0,60727.51328903654,59634.219269102985,60329.95182724253,16282514
2025-03-31,57447.62890625,59336.04577341047,57447.62890625,59137.265050551476,17633494
2025-04-01,58441.53515625,59236.65808354592,57547.02186304209,58342.14479033801,13841706
2025-04-02,58441.53515625,59037.87735172194,57944.58332669005,58441.53515625,14402297
2025-04-03,57248.84765625,57447.62837727865,56553.11513264974,56553.11513264974,19508076
2025-04-04,55757.9921875,57845.18975601604,55360.43074587789,55857.38254790552,23527139
2025-04-07,52875.671875,53770.18512100564,52776.2815143327,52975.06223566729,31998883
2025-04-08,53173.84375,54962.870268691586,52975.06302570093,54664.69918224299,25532845
2025-04-09,52676.89453125,53968.96930277123,52577.50416420991,52975.065632370286,20576960
2025-04-10,56056.1640625,56354.33514793883,54664.698997118794,56254.94478612589,22948172
2025-04-11,54863.48046875,55360.432284590126,54465.919016077896,55261.041921422104,13930480
2025-04-14,55857.3828125,56354.33461688167,55459.82136899466,55956.773173376336,12852613
2025-04-15,56254.9453125,56751.89712621466,55857.383861528266,55956.7742242712,8998640
2025-04-16,54366.52734375,55857.3827553702,54167.74662220064,55658.60203382084,14437025
2025-04-17,54764.08984375,54962.87056913566,54167.74766759301,54366.528392978675,10867069
2025-04-18,54962.87109375,55261.0421846745,54565.30963918399,54962.87109375,5848342
2025-04-21,55062.26171875,55658.603903429605,54764.0906264102,54863.480990523465,5941847
2025-04-22,54664.69921875,55161.65102982955,54366.52813210227,54565.30885653409,9532469
2025-04-23,55360.43359375,55757.99505582361,55161.6528627132,55658.604690305205,11148692
2025-04-24,55360.43359375,55459.823959268404,54863.48176615799,55261.043228231596,10580377
2025-04-25,55360.43359375,56056.16615237881,55261.043228231596,56056.16615237881,12183303
2025-04-28,55459.82421875,55559.21458473342,55161.65312079973,55459.82421875,9341518
2025-04-29,55459.82421875,56155.55678063396,55261.04348678315,55360.433852766575,10295518
2025-04-30,55161.65234375,55658.604166666664,54962.87161458333,55559.21380208334,13014189
2025-05-02,53968.96875,55161.6531422652,53869.5783839779,54664.7013121547,22454204
2025-05-07,54267.13671875,54664.698159913,53968.96563787774,54167.74635845925,17136991
2025-05-08,54267.13671875,55161.649961366755,54167.74635845925,54764.08852020375,16320532
2025-05-09,54465.91796875,54664.698691263686,54068.35652372263,54366.52760749315,7814322
2025-05-12,57248.84765625,57248.84765625,54664.6982828776,54863.47900390625,15414702
2025-05-13,56553.1171875,57845.19192113356,56453.72682337434,57348.24010050527,16842801
2025-05-14,57050.0703125,57547.02214449042,56652.508846907665,57149.46067889808,12468089
2025-05-15,56950.6796875,58242.75444480802,56751.898955606455,57050.07005344677,13139736
2025-05-16,56453.7265625,57149.459108164614,56354.336198833626,57050.06874449824,10385352
2025-05-19,55459.82421875,56056.166414650535,55161.65312079973,56056.166414650535,9802105
2025-05-20,55559.21484375,56354.33777532424,55360.43411085644,55857.38594309034,9080577
2025-05-21,55360.43359375,56254.94688341562,55360.43359375,55857.38542134201,7794181
2025-05-22,54366.52734375,55161.650229947445,54167.74662220064,54962.86950839808,15254278
2025-05-23,53869.578125,54863.48178044281,53770.18775945572,54664.70104935425,11247115
2025-05-26,54366.52734375,54664.69842607404,53372.6237360032,53571.40445755256,10901337
2025-05-27,53571.40625,54167.74843460111,53472.01588589981,53869.57734230055,13439520
2025-05-28,55559.21484375,55757.99557664356,53869.57861415474,53968.96898060152,17516283
2025-05-29,55757.9921875,56056.16326871658,55261.04038547237,55857.38254790552,12936810
2025-05-30,55857.3828125,56851.28642126334,55459.82136899466,55857.3828125,26219683
2025-06-02,56453.7265625,56950.678380831865,55857.38438050176,55956.774744168135,12870515
2025-06-04,57447.62890625,57547.0192676795,56453.72529195502,56851.286737673014,19649983
2025-06-05,58739.703125,59534.82600994078,57547.01879758883,57745.79951882403,23266027
2025-06-09,59435.4375,60031.77968227425,59137.26640886288,60031.77968227425,19609659
2025-06-10,58839.09375,59733.60699957771,58441.53230574325,59634.21663851351,15305760
2025-06-11,59534.828125,59733.60885329716,59037.87630425709,59137.266668405675,13610734
2025-06-12,59137.265625,59634.217436974795,58938.48490021009,59336.04634978992,17755115
2025-06-13,57944.58203125,59832.99894135935,57348.23984911021,59832.99894135935,20705979
2025-06-16,56851.2890625,57745.80235194493,56553.117966018355,57646.41198645105,22200872
2025-06-17,57745.80078125,59435.43694868761,57050.06824171687,57447.62969287866,28637003
2025-06-18,59435.4375,59435.4375,57547.02058946488,57646.41095317726,17620705
2025-06-19,58839.09375,60230.558804898654,58640.31302787162,60131.16844383446,16876278
2025-06-20,59137.265625,59435.43671218488,58739.70417542017,59037.87526260504,18072251
2025-06-23,57646.41015625,58143.36196794181,57248.848706896555,58043.97160560345,16551694
2025-06-24,60131.171875,60230.56224173554,58938.487474173555,59037.877840909096,23737899
2025-06-25,60926.29296875,61224.46405995106,59932.38933141313,61125.07369621737,23933612
2025-06-26,59833.0,60926.29401993355,59534.82890365448,60926.29401993355,19402300
2025-06-27,60800.0,61600.0,60000.0,60100.0,17340470
2025-06-30,59800.0,61200.0,59800.0,61200.0,17110294
2025-07-01,60200.0,61100.0,60200.0,60400.0,13650991
2025-07-02,60800.0,60900.0,59800.0,60200.0,15047951
2025-07-03,63800.0,63800.0,61100.0,61300.0,32040639
2025-07-04,63300.0,64700.0,63000.0,64700.0,23748959
2025-07-07,61700.0,63300.0,61700.0,62900.0,17164708
2025-07-08,61400.0,62400.0,61000.0,61600.0,20213724
2025-07-09,60400.0,61400.0,60200.0,61400.0,17533415
2025-07-10,61000.0,61200.0,60400.0,60600.0,14768473
2025-07-11,62600.0,62800.0,61200.0,61300.0,19140650
2025-07-14,62500.0,62600.0,61800.0,62300.0,13563846
2025-07-15,63700.0,63800.0,62000.0,62300.0,18442202
2025-07-16,64700.0,64700.0,63100.0,63700.0,23042660
2025-07-17,66700.0,66800.0,64400.0,65900.0,39448683
2025-07-18,67100.0,67800.0,66300.0,67000.0,23951531
2025-07-21,67800.0,68800.0,67200.0,67400.0,17723148
2025-07-22,66000.0,68500.0,65600.0,68100.0,20829006
2025-07-23,66400.0,66500.0,64900.0,66200.0,15687058
2025-07-24,66000.0,66800.0,65900.0,66500.0,12660193
2025-07-25,65900.0,66300.0,65500.0,65700.0,8080910
2025-07-28,70400.0,70400.0,67200.0,68200.0,35332500
2025-07-29,70600.0,70800.0,68800.0,70800.0,28190940
2025-07-30,72600.0,73700.0,70600.0,71000.0,34761444
2025-07-31,71400.0,74000.0,71000.0,73000.0,26568072
